ncalls,tottime,percall,cumtime,percall,filename:lineno(function)
1,0.000,0.000,122.907,122.907,<string>:1(<module>)
1,0.000,0.000,122.907,122.907,test_performance.py:86(parse_big_file)
1,0.008,0.008,122.907,122.907,project_reader.py:205(read_files)
1,0.016,0.016,122.899,122.899,project_reader.py:227(__parse_file_by_file)
1,0.011,0.011,98.025,98.025,source_reader.py:254(read_xml_file)
1,2.156,2.156,98.014,98.014,source_reader.py:315(__parse_gccxml_created_file)
1,0.000,0.000,36.913,36.913,patcher.py:194(patch_it)
1,0.497,0.497,35.633,35.633,patcher.py:25(patch_it)
1,2.168,2.168,34.558,34.558,etree_scanner.py:45(read)
648,0.059,0.000,29.622,0.046,patcher.py:72(__fix_invalid_integral)
1324,0.601,0.000,29.550,0.022,patcher.py:109(__find_enum)
1889,7.721,0.004,28.500,0.015,{filter}
135760,3.246,0.000,26.202,0.000,scanner.py:174(startElement)
3188314,11.969,0.000,18.739,0.000,patcher.py:113(<lambda>)
90232,1.046,0.000,14.834,0.000,algorithm.py:265(apply_visitor)
5915356,12.171,0.000,12.171,0.000,{isinstance}
1,1.031,1.031,9.601,9.601,project_reader.py:452(__declarated_types)
4627,0.411,0.000,7.774,0.002,linker.py:98(visit_class)
4638,1.128,0.000,7.590,0.002,linker.py:46(__link_members)
1,1.441,1.441,5.991,5.991,project_reader.py:424(_relink_declarated_types)
6,0.067,0.011,5.842,0.974,algorithm.py:61(make_flatten)
27828/6,2.708,0.000,5.703,0.951,algorithm.py:71(proceed_single)
38689,1.209,0.000,5.651,0.000,scanner.py:344(__read_member_function)
1,0.366,0.366,5.523,5.523,project_reader.py:359(_join_class_hierarchy)
24042,0.216,0.000,5.391,0.000,scanner.py:425(__read_method)
65791,1.543,0.000,5.349,0.000,class_declaration.py:282(adopt_declaration)
271521,0.655,0.000,5.218,0.000,<string>:55(__iter__)
2,0.628,0.314,4.710,2.355,source_reader.py:27(bind_aliases)
25592/69633,2.979,0.000,4.474,0.000,project_reader.py:453(get_from_type)
1995,4.335,0.002,4.335,0.002,{built-in,method,feed}
1010,0.018,0.000,4.117,0.004,patcher.py:36(__find_fixer)
41652,1.418,0.000,4.045,0.000,scanner.py:327(__read_calldef)
41499/141100,2.054,0.000,3.935,0.000,algorithm.py:10(declaration_path)
959,0.045,0.000,3.712,0.004,patcher.py:68(__is_invalid_integral)
959,0.239,0.000,3.553,0.004,type_traits.py:121(is_integral)
71642,0.917,0.000,3.373,0.000,project_reader.py:425(<lambda>)
41683,1.991,0.000,3.200,0.000,scanner.py:315(__read_argument)
41652,1.698,0.000,3.190,0.000,linker.py:61(__link_calldef)
90232,1.992,0.000,2.999,0.000,linker.py:24(_set_inst)
56378,0.701,0.000,2.861,0.000,type_traits.py:42(remove_alias)
76204,0.927,0.000,2.774,0.000,algorithms_cache.py:70(reset)
10709,0.100,0.000,2.753,0.000,scanner.py:415(__read_constructor)
38526,1.086,0.000,2.561,0.000,calldef.py:371(function_type)
141610,1.926,0.000,2.509,0.000,cpptypes.py:14(__init__)
76194,1.591,0.000,2.043,0.000,scanner.py:215(__read_location)
36844,0.348,0.000,2.002,0.000,cpptypes.py:24(__eq__)
64176,1.221,0.000,2.000,0.000,{map}
76205,1.438,0.000,1.949,0.000,declaration.py:60(__init__)
45495,0.474,0.000,1.938,0.000,declaration.py:148(_set_name)
68942,0.360,0.000,1.937,0.000,cpptypes.py:322(__init__)
38526,0.321,0.000,1.929,0.000,calldef.py:301(__init__)
24042,0.104,0.000,1.923,0.000,linker.py:72(visit_member_function)
24042,0.194,0.000,1.729,0.000,decl_factory.py:32(create_member_function)
41559,0.432,0.000,1.699,0.000,calldef.py:108(__init__)
17697,0.236,0.000,1.673,0.000,project_reader.py:360(<lambda>)
23844,0.442,0.000,1.609,0.000,class_declaration.py:45(__eq__)
22349/73711,0.473,0.000,1.596,0.000,cpptypes.py:40(_get_decl_string)
24042,0.174,0.000,1.536,0.000,calldef.py:438(__init__)
870847,1.535,0.000,1.535,0.000,{method,'get',of,'dict',objects}
6902/11413,0.071,0.000,1.404,0.000,cpptypes.py:47(clone)
44214,0.196,0.000,1.394,0.000,scopedef.py:102(_get_declarations)
45495,0.464,0.000,1.365,0.000,algorithms_cache.py:76(reset_name_based)
12467,0.233,0.000,1.293,0.000,type_traits.py:59(create_cv_types)
1,0.193,0.193,1.280,1.280,patcher.py:188(patch_it)
76205,0.819,0.000,1.217,0.000,scanner.py:218(__update_membership)
666075,1.205,0.000,1.205,0.000,{method,'append',of,'list',objects}
125328,0.772,0.000,1.204,0.000,linker.py:31(__link_type)
557669,1.197,0.000,1.197,0.000,declaration.py:185(_get_location)
32840,0.149,0.000,1.174,0.000,class_declaration.py:253(_get_declarations_impl)
64068,0.328,0.000,1.143,0.000,enumeration.py:49(_get_values)
518982,1.094,0.000,1.094,0.000,declaration.py:230(cache)
11/1,0.037,0.003,1.058,1.058,project_reader.py:446(_join_declarations)
10709,0.547,0.000,1.057,0.000,decl_factory.py:36(create_constructor)
32840,0.586,0.000,1.025,0.000,class_declaration.py:256(get_members)
11,0.140,0.013,1.002,0.091,project_reader.py:323(_join_namespaces)
7379,0.039,0.000,0.947,0.000,cpptypes.py:369(__init__)
36803,0.373,0.000,0.931,0.000,cpptypes.py:473(__init__)
499204,0.921,0.000,0.921,0.000,{method,'has_key',of,'dict',objects}
516848,0.921,0.000,0.921,0.000,algorithms_cache.py:26(enabled)
2828,0.071,0.000,0.908,0.000,scanner.py:445(__read_member_operator)
89339,0.595,0.000,0.907,0.000,declaration.py:53(as_tuple)
11,0.000,0.000,0.893,0.081,linker.py:129(visit_namespace)
76205,0.583,0.000,0.891,0.000,scanner.py:232(__read_artificial)
76466,0.351,0.000,0.887,0.000,source_reader.py:304(__produce_full_file)
19464,0.178,0.000,0.885,0.000,scanner.py:368(__read_typedef)
1051,0.017,0.000,0.884,0.001,cpptypes.py:375(_clone_impl)
76205,0.571,0.000,0.866,0.000,scanner.py:235(__read_mangled)
76205,0.551,0.000,0.862,0.000,scanner.py:238(__read_demangled)
141995,0.594,0.000,0.829,0.000,algorithms_cache.py:43(_set_access_type)
126266,0.600,0.000,0.815,0.000,algorithms_cache.py:53(_set_demangled_name)
64068,0.433,0.000,0.815,0.000,copy.py:65(copy)
152410,0.526,0.000,0.813,0.000,source_reader.py:37(<lambda>)
5572,0.056,0.000,0.796,0.000,calldef.py:135(__eq__)
10709,0.048,0.000,0.791,0.000,linker.py:75(visit_constructor)
122243,0.554,0.000,0.788,0.000,algorithms_cache.py:33(_set_full_name)
76205,0.492,0.000,0.775,0.000,source_reader.py:336(<lambda>)
126344,0.538,0.000,0.773,0.000,algorithms_cache.py:63(_set_declaration_path)
6002/35830,0.152,0.000,0.762,0.000,declaration.py:142(_get_name)
8610,0.267,0.000,0.753,0.000,scanner.py:371(__read_variable)
90504,0.587,0.000,0.740,0.000,scanner.py:241(__read_access)
10413,0.176,0.000,0.697,0.000,namespace.py:51(adopt_declaration)
31318,0.160,0.000,0.671,0.000,cpptypes.py:347(__init__)
19464,0.176,0.000,0.669,0.000,decl_factory.py:76(create_typedef)
237713,0.622,0.000,0.622,0.000,{method,'extend',of,'list',objects}
141610,0.584,0.000,0.584,0.000,algorithms_cache.py:95(__init__)
23875,0.169,0.000,0.573,0.000,cpptypes.py:350(_create_decl_string)
278353,0.562,0.000,0.562,0.000,algorithms_cache.py:60(_get_declaration_path)
3816,0.034,0.000,0.562,0.000,{method,'index',of,'list',objects}
81268,0.340,0.000,0.556,0.000,algorithms_cache.py:109(reset)
13896,0.072,0.000,0.552,0.000,cpptypes.py:588(_create_decl_string)
808/5755,0.244,0.000,0.550,0.000,class_declaration.py:117(_get_name_impl)
24939,0.125,0.000,0.537,0.000,cpptypes.py:336(__init__)
135760,0.536,0.000,0.536,0.000,{built-in,method,clear}
76474,0.324,0.000,0.534,0.000,ntpath.py:51(isabs)
13917,0.168,0.000,0.532,0.000,linker.py:43(__link_compound_type)
19464,0.237,0.000,0.524,0.000,linker.py:132(visit_typedef)
209189,0.514,0.000,0.514,0.000,calldef.py:145(_get_arguments)
6147,0.111,0.000,0.513,0.000,scanner.py:386(__read_class_impl)
76205,0.512,0.000,0.512,0.000,algorithms_cache.py:12(__init__)
10709,0.093,0.000,0.510,0.000,calldef.py:444(__init__)
245657,0.496,0.000,0.496,0.000,declaration.py:40(_get_file_name)
19464,0.139,0.000,0.493,0.000,typedef.py:16(__init__)
13951,0.058,0.000,0.485,0.000,declaration.py:224(_decl_string)
76204,0.363,0.000,0.483,0.000,declaration.py:162(_set_parent)
8522/18334,0.257,0.000,0.477,0.000,algorithm.py:37(full_name)
18458,0.112,0.000,0.452,0.000,cpptypes.py:577(__init__)
7401/11413,0.277,0.000,0.450,0.000,type_traits.py:31(__remove_alias)
76205,0.291,0.000,0.449,0.000,project_reader.py:362(<lambda>)
2872,0.024,0.000,0.442,0.000,scanner.py:420(__read_function)
13951,0.059,0.000,0.427,0.000,declaration.py:221(_create_decl_string)
5572,0.130,0.000,0.415,0.000,declaration.py:110(__eq__)
236601,0.397,0.000,0.397,0.000,patcher.py:116(<lambda>)
643/6412,0.062,0.000,0.387,0.000,cpptypes.py:361(_create_decl_string)
236601,0.379,0.000,0.379,0.000,patcher.py:117(<lambda>)
135760,0.368,0.000,0.368,0.000,scanner.py:211(endElement)
182489,0.365,0.000,0.365,0.000,cpptypes.py:581(_get_declaration)
16702,0.129,0.000,0.358,0.000,cpptypes.py:339(_create_decl_string)
11404,0.078,0.000,0.357,0.000,cpptypes.py:591(_clone_impl)
2872,0.013,0.000,0.353,0.000,linker.py:89(visit_free_function)
8610,0.086,0.000,0.351,0.000,decl_factory.py:80(create_variable)
1010,0.018,0.000,0.334,0.000,patcher.py:56(__is_unqualified_enum)
145675,0.312,0.000,0.312,0.000,cpptypes.py:326(_get_base)
5207,0.021,0.000,0.310,0.000,linker.py:225(visit_const)
137788,0.309,0.000,0.309,0.000,declaration.py:160(_get_parent)
152388,0.308,0.000,0.308,0.000,declaration.py:42(_set_file_name)
4627,0.036,0.000,0.302,0.000,decl_factory.py:64(create_class)
3283,0.015,0.000,0.293,0.000,scanner.py:401(__read_class)
3265,0.031,0.000,0.273,0.000,type_traits.py:265(remove_cv)
64068,0.271,0.000,0.271,0.000,copy.py:112(_copy_with_constructor)
76194,0.271,0.000,0.271,0.000,declaration.py:22(__init__)
41429,0.267,0.000,0.267,0.000,calldef.py:42(__init__)
4627,0.080,0.000,0.266,0.000,class_declaration.py:103(__init__)
8610,0.075,0.000,0.265,0.000,variable.py:17(__init__)
934,0.019,0.000,0.250,0.000,scanner.py:430(__read_destructor)
92681,0.245,0.000,0.245,0.000,algorithms_cache.py:102(_set_remove_alias)
2821,0.014,0.000,0.245,0.000,scanner.py:404(__read_struct)
83118,0.234,0.000,0.234,0.000,calldef.py:194(_set_return_type)
90239,0.231,0.000,0.231,0.000,{hasattr}
2828,0.012,0.000,0.228,0.000,linker.py:81(visit_member_operator)
1996,0.227,0.000,0.227,0.000,{method,'read',of,'file',objects}
8610,0.105,0.000,0.219,0.000,linker.py:135(visit_variable)
926/2358,0.035,0.000,0.215,0.000,cpptypes.py:364(_clone_impl)
76482,0.210,0.000,0.210,0.000,ntpath.py:116(splitdrive)
87035,0.209,0.000,0.209,0.000,class_declaration.py:225(_get_public_members)
12467,0.067,0.000,0.207,0.000,cpptypes.py:88(__init__)
87059,0.204,0.000,0.204,0.000,calldef.py:192(_get_return_type)
78607,0.201,0.000,0.201,0.000,typedef.py:30(_get_type)
6328,0.045,0.000,0.198,0.000,scanner.py:300(__read_reference_type)
2828,0.036,0.000,0.196,0.000,decl_factory.py:44(create_member_operator)
6328,0.027,0.000,0.195,0.000,linker.py:231(visit_reference)
76205,0.190,0.000,0.190,0.000,declaration.py:196(_set_is_artificial)
4638,0.087,0.000,0.187,0.000,scopedef.py:69(__init__)
86554,0.187,0.000,0.187,0.000,calldef.py:98(_get_type)
101343,0.186,0.000,0.186,0.000,algorithms_cache.py:99(_get_remove_alias)
82858,0.184,0.000,0.184,0.000,calldef.py:100(_set_type)
90232,0.181,0.000,0.181,0.000,{getattr}
76194,0.181,0.000,0.181,0.000,declaration.py:187(_set_location)
41743,0.180,0.000,0.180,0.000,cpptypes.py:401(__init__)
5212,0.047,0.000,0.176,0.000,scanner.py:285(__read_cv_qualified_type)
3033,0.073,0.000,0.174,0.000,calldef.py:416(function_type)
100483,0.172,0.000,0.172,0.000,declaration.py:47(_get_line)
76205,0.170,0.000,0.170,0.000,declaration.py:205(_set_mangled)
76205,0.166,0.000,0.166,0.000,declaration.py:214(_set_demangled)
1246,0.013,0.000,0.161,0.000,type_traits.py:296(__apply_sequence)
89982,0.161,0.000,0.161,0.000,calldef.py:90(_get_default_value)
2828,0.033,0.000,0.159,0.000,calldef.py:485(__init__)
1128,0.009,0.000,0.158,0.000,type_traits.py:301(is_my_case)
827,0.021,0.000,0.153,0.000,calldef.py:65(__eq__)
2872,0.020,0.000,0.151,0.000,decl_factory.py:52(create_free_function)
8177,0.073,0.000,0.143,0.000,pattern_parser.py:24(has_pattern)
89534,0.138,0.000,0.138,0.000,{len}
38526,0.134,0.000,0.134,0.000,calldef.py:344(set_virtuality)
2872,0.028,0.000,0.132,0.000,calldef.py:497(__init__)
5182,0.027,0.000,0.130,0.000,cpptypes.py:358(__init__)
3223,0.014,0.000,0.126,0.000,templates.py:34(name)
38526,0.126,0.000,0.126,0.000,calldef.py:366(_set_has_static)
4940,0.044,0.000,0.118,0.000,cpptypes.py:426(__init__)
41559,0.115,0.000,0.115,0.000,calldef.py:217(_set_has_extern)
3231,0.043,0.000,0.112,0.000,pattern_parser.py:29(name)
4627,0.026,0.000,0.112,0.000,templates.py:22(is_instantiation)
3033,0.018,0.000,0.110,0.000,calldef.py:388(__init__)
59919,0.107,0.000,0.107,0.000,cpptypes.py:92(_create_decl_string)
55320,0.105,0.000,0.105,0.000,class_declaration.py:60(_get_related_class)
41559,0.105,0.000,0.105,0.000,calldef.py:186(_set_exceptions)
41559,0.102,0.000,0.102,0.000,calldef.py:176(_set_does_throw)
41559,0.101,0.000,0.101,0.000,calldef.py:184(_get_exceptions)
38526,0.098,0.000,0.098,0.000,calldef.py:359(_set_has_const)
41559,0.096,0.000,0.096,0.000,{range}
3431,0.021,0.000,0.096,0.000,type_traits.py:216(is_const)
43775,0.096,0.000,0.096,0.000,class_declaration.py:239(_get_protected_members)
177/1169,0.013,0.000,0.095,0.000,cpptypes.py:353(_clone_impl)
11448,0.074,0.000,0.095,0.000,class_declaration.py:36(__init__)
42077,0.095,0.000,0.095,0.000,cpptypes.py:408(_get_return_type)
41429,0.095,0.000,0.095,0.000,calldef.py:84(_set_name)
2019,0.016,0.000,0.095,0.000,type_traits.py:205(remove_reference)
38526,0.095,0.000,0.095,0.000,calldef.py:364(_get_has_static)
5572,0.059,0.000,0.094,0.000,declaration.py:26(__eq__)
42240,0.084,0.000,0.084,0.000,cpptypes.py:415(_get_arguments_types)
36789,0.082,0.000,0.082,0.000,calldef.py:357(_get_has_const)
3265,0.021,0.000,0.082,0.000,type_traits.py:249(is_volatile)
2256,0.010,0.000,0.081,0.000,linker.py:228(visit_pointer)
33501,0.078,0.000,0.078,0.000,class_declaration.py:232(_get_private_members)
35821,0.077,0.000,0.077,0.000,cpptypes.py:583(_set_declaration)
42280,0.077,0.000,0.077,0.000,calldef.py:92(_set_default_value)
2256,0.016,0.000,0.075,0.000,scanner.py:297(__read_pointer_type)
47340,0.069,0.000,0.069,0.000,{id}
14719,0.067,0.000,0.067,0.000,{method,'split',of,'str',objects}
36500,0.066,0.000,0.066,0.000,algorithms_cache.py:30(_get_full_name)
1,0.044,0.044,0.065,0.065,scanner.py:143(endDocument)
30194,0.061,0.000,0.061,0.000,declaration.py:139(_get_name_impl)
4627,0.036,0.000,0.055,0.000,scanner.py:229(__read_bases)
1520,0.012,0.000,0.054,0.000,decl_factory.py:60(create_class_declaration)
30528,0.052,0.000,0.052,0.000,class_declaration.py:69(_get_access)
934,0.009,0.000,0.051,0.000,decl_factory.py:40(create_destructor)
161,0.004,0.000,0.051,0.000,scanner.py:436(__read_free_operator)
934,0.004,0.000,0.049,0.000,linker.py:78(visit_destructor)
19464,0.047,0.000,0.047,0.000,typedef.py:32(_set_type)
2019,0.013,0.000,0.047,0.000,type_traits.py:174(is_reference)
19169,0.046,0.000,0.046,0.000,cpptypes.py:328(_set_base)
18794,0.045,0.000,0.045,0.000,class_declaration.py:180(_get_bases)
16868,0.043,0.000,0.043,0.000,class_declaration.py:246(_get_aliases)
1520,0.011,0.000,0.042,0.000,class_declaration.py:80(__init__)
934,0.008,0.000,0.042,0.000,calldef.py:480(__init__)
18281,0.042,0.000,0.042,0.000,{method,'startswith',of,'str',objects}
19426,0.040,0.000,0.040,0.000,declaration.py:212(_get_demangled)
17220,0.038,0.000,0.038,0.000,variable.py:38(_get_type)
1631,0.022,0.000,0.038,0.000,scanner.py:266(__read_enumeration_value)
12411,0.035,0.000,0.035,0.000,{method,'find',of,'str',objects}
960,0.011,0.000,0.034,0.000,patcher.py:125(__is_double_call)
1246,0.010,0.000,0.032,0.000,type_traits.py:233(remove_declarated)
14167,0.032,0.000,0.032,0.000,class_declaration.py:199(_get_derived)
118,0.001,0.000,0.030,0.000,type_traits.py:305(get_declaration)
959,0.008,0.000,0.029,0.000,cpptypes.py:112(__init__)
959,0.005,0.000,0.025,0.000,cpptypes.py:118(__init__)
50,0.001,0.000,0.025,0.001,patcher.py:63(__fix_unqualified_enum)
8610,0.025,0.000,0.025,0.000,cpptypes.py:596(__init__)
11374,0.025,0.000,0.025,0.000,namespace.py:34(_get_declarations_impl)
3816,0.016,0.000,0.024,0.000,class_declaration.py:62(_set_related_class)
8610,0.023,0.000,0.023,0.000,cpptypes.py:617(_set_has_static)
9254,0.023,0.000,0.023,0.000,class_declaration.py:182(_set_bases)
414,0.004,0.000,0.023,0.000,scanner.py:259(__read_enumeration)
959,0.005,0.000,0.022,0.000,cpptypes.py:172(__init__)
996,0.007,0.000,0.021,0.000,call_invocation.py:55(find_args)
959,0.005,0.000,0.021,0.000,cpptypes.py:148(__init__)
959,0.005,0.000,0.021,0.000,cpptypes.py:142(__init__)
959,0.005,0.000,0.021,0.000,cpptypes.py:154(__init__)
8610,0.021,0.000,0.021,0.000,variable.py:40(_set_type)
959,0.005,0.000,0.020,0.000,cpptypes.py:160(__init__)
959,0.006,0.000,0.020,0.000,cpptypes.py:124(__init__)
959,0.006,0.000,0.020,0.000,cpptypes.py:184(__init__)
959,0.006,0.000,0.020,0.000,cpptypes.py:136(__init__)
959,0.006,0.000,0.020,0.000,cpptypes.py:130(__init__)
959,0.005,0.000,0.020,0.000,cpptypes.py:178(__init__)
959,0.005,0.000,0.020,0.000,cpptypes.py:166(__init__)
161,0.001,0.000,0.018,0.000,linker.py:92(visit_free_operator)
4627,0.018,0.000,0.018,0.000,class_declaration.py:220(_set_is_abstract)
414,0.004,0.000,0.018,0.000,decl_factory.py:68(create_enumeration)
79,0.003,0.000,0.017,0.000,cpptypes.py:449(_clone_impl)
311,0.004,0.000,0.017,0.000,patcher.py:147(__is_constructor_call)
8610,0.016,0.000,0.016,0.000,cpptypes.py:624(_set_has_mutable)
3002,0.016,0.000,0.016,0.000,calldef.py:427(__init__)
7326,0.016,0.000,0.016,0.000,class_declaration.py:92(_get_aliases)
161,0.002,0.000,0.016,0.000,decl_factory.py:56(create_free_operator)
210,0.001,0.000,0.015,0.000,cpptypes.py:372(_create_decl_string)
996,0.008,0.000,0.014,0.000,pattern_parser.py:80(find_args)
161,0.002,0.000,0.014,0.000,calldef.py:502(__init__)
414,0.005,0.000,0.013,0.000,enumeration.py:18(__init__)
1631,0.010,0.000,0.013,0.000,enumeration.py:74(append_value)
6883,0.013,0.000,0.013,0.000,algorithms_cache.py:50(_get_demangled_name)
7724,0.012,0.000,0.012,0.000,{method,'add',of,'set',objects}
104,0.002,0.000,0.010,0.000,cpptypes.py:533(_create_decl_string)
315,0.002,0.000,0.009,0.000,call_invocation.py:22(is_call_invocation)
91,0.001,0.000,0.008,0.000,linker.py:237(visit_free_function_type)
4645,0.007,0.000,0.007,0.000,{method,'reverse',of,'list',objects}
91,0.001,0.000,0.006,0.000,scanner.py:358(__read_function_type)
3936,0.006,0.000,0.006,0.000,declaration.py:145(_on_rename)
3238,0.006,0.000,0.006,0.000,{method,'strip',of,'str',objects}
4,0.000,0.000,0.005,0.001,patcher.py:161(__fix_constructor_call)
121,0.002,0.000,0.005,0.000,scanner.py:271(__read_array_type)
43,0.000,0.000,0.005,0.000,scanner.py:407(__read_union)
121,0.001,0.000,0.004,0.000,linker.py:234(visit_array)
104,0.002,0.000,0.003,0.000,cpptypes.py:519(create_decl_string)
1654,0.003,0.000,0.003,0.000,calldef.py:82(_get_name)
124,0.001,0.000,0.003,0.000,cpptypes.py:381(__init__)
13,0.000,0.000,0.003,0.000,scanner.py:410(__read_casting_operator)
1520,0.002,0.000,0.002,0.000,linker.py:95(visit_class_declaration)
235,0.001,0.000,0.002,0.000,patcher.py:159(<lambda>)
235,0.001,0.000,0.002,0.000,patcher.py:171(<lambda>)
272,0.001,0.000,0.002,0.000,scanner.py:247(__read_file)
414,0.002,0.000,0.002,0.000,enumeration.py:51(_set_values)
660,0.001,0.000,0.001,0.000,{method,'join',of,'str',objects}
44,0.001,0.000,0.001,0.000,pattern_parser.py:37(__find_args_separator)
11,0.000,0.000,0.001,0.000,scanner.py:250(__read_namespace)
10,0.001,0.000,0.001,0.000,{nt.stat}
11,0.000,0.000,0.001,0.000,decl_factory.py:72(create_namespace)
12,0.001,0.000,0.001,0.000,cpptypes.py:539(_clone_impl)
40/13,0.001,0.000,0.001,0.000,type_traits.py:66(decompose_type)
11,0.001,0.000,0.001,0.000,namespace.py:36(_set_declarations)
11,0.000,0.000,0.001,0.000,namespace.py:17(__init__)
7,0.000,0.000,0.001,0.000,ntpath.py:252(exists)
13,0.000,0.000,0.001,0.000,decl_factory.py:48(create_casting_operator)
1,0.000,0.000,0.001,0.001,__init__.py:970(info)
1,0.000,0.000,0.001,0.001,{apply}
1,0.000,0.000,0.001,0.001,__init__.py:1085(_log)
8,0.000,0.000,0.001,0.000,type_traits.py:83(base_type)
414,0.001,0.000,0.001,0.000,linker.py:126(visit_enumeration)
13,0.000,0.000,0.001,0.000,linker.py:84(visit_casting_operator)
7,0.000,0.000,0.001,0.000,ntpath.py:495(abspath)
13,0.000,0.000,0.001,0.000,calldef.py:491(__init__)
7,0.000,0.000,0.000,0.000,ntpath.py:439(normpath)
186,0.000,0.000,0.000,0.000,cpptypes.py:410(_set_return_type)
4,0.000,0.000,0.000,0.000,call_invocation.py:65(split)
4,0.000,0.000,0.000,0.000,pattern_parser.py:97(split)
68,0.000,0.000,0.000,0.000,enumeration.py:98(has_value_name)
250,0.000,0.000,0.000,0.000,cpptypes.py:95(_clone_impl)
5,0.000,0.000,0.000,0.000,type_traits.py:278(is_fundamental)
1,0.000,0.000,0.000,0.000,__init__.py:1055(findCaller)
5,0.000,0.000,0.000,0.000,type_traits.py:91(does_match_definition)
7,0.000,0.000,0.000,0.000,pattern_parser.py:54(args)
1,0.000,0.000,0.000,0.000,source_reader.py:67(__init__)
93,0.000,0.000,0.000,0.000,cpptypes.py:417(_set_arguments_types)
2,0.000,0.000,0.000,0.000,ntpath.py:280(isfile)
1,0.000,0.000,0.000,0.000,__init__.py:1100(handle)
1,0.000,0.000,0.000,0.000,__init__.py:1129(callHandlers)
1,0.000,0.000,0.000,0.000,source_reader.py:93(__raise_on_wrong_settings)
1,0.000,0.000,0.000,0.000,<string>:50(__init__)
118,0.000,0.000,0.000,0.000,cpptypes.py:486(_get_class_inst)
1,0.000,0.000,0.000,0.000,__init__.py:1072(makeRecord)
1,0.000,0.000,0.000,0.000,{open}
5,0.000,0.000,0.000,0.000,linker.py:222(visit_volatile)
1,0.000,0.000,0.000,0.000,__init__.py:642(handle)
59,0.000,0.000,0.000,0.000,patcher.py:50(__join_names)
116,0.000,0.000,0.000,0.000,cpptypes.py:479(_get_has_const)
1,0.000,0.000,0.000,0.000,__init__.py:216(__init__)
2,0.000,0.000,0.000,0.000,linker.py:240(visit_member_function_type)
2,0.000,0.000,0.000,0.000,scanner.py:363(__read_method_type)
3,0.000,0.000,0.000,0.000,cpptypes.py:396(_clone_impl)
8,0.000,0.000,0.000,0.000,__init__.py:956(debug)
4,0.000,0.000,0.000,0.000,call_invocation.py:34(name)
8,0.000,0.000,0.000,0.000,ntpath.py:59(join)
1,0.000,0.000,0.000,0.000,source_reader.py:295(__file_full_name)
5,0.000,0.000,0.000,0.000,call_invocation.py:75(join)
7,0.000,0.000,0.000,0.000,{nt._getfullpathname}
1,0.000,0.000,0.000,0.000,patcher.py:138(__fix_double_call)
17,0.000,0.000,0.000,0.000,scanner.py:303(__read_fundamental_type)
3,0.000,0.000,0.000,0.000,call_invocation.py:44(args)
9,0.000,0.000,0.000,0.000,__init__.py:1155(getEffectiveLevel)
1,0.000,0.000,0.000,0.000,__init__.py:733(emit)
5,0.000,0.000,0.000,0.000,pattern_parser.py:115(join)
66,0.000,0.000,0.000,0.000,patcher.py:87(<lambda>)
1,0.000,0.000,0.000,0.000,{method,'items',of,'dict',objects}
1,0.000,0.000,0.000,0.000,ntpath.py:267(isdir)
1,0.000,0.000,0.000,0.000,project_reader.py:310(_join_top_namespaces)
1,0.000,0.000,0.000,0.000,etree_scanner.py:42(__init__)
1,0.000,0.000,0.000,0.000,scanner.py:77(__init__)
1,0.000,0.000,0.000,0.000,project_reader.py:151(__init__)
1,0.000,0.000,0.000,0.000,__init__.py:619(format)
1,0.000,0.000,0.000,0.000,algorithm.py:196(find_declaration)
3,0.000,0.000,0.000,0.000,ntpath.py:38(normcase)
1,0.000,0.000,0.000,0.000,linker.py:10(__init__)
1,0.000,0.000,0.000,0.000,__init__.py:599(acquire)
1,0.000,0.000,0.000,0.000,ntpath.py:198(basename)
1,0.000,0.000,0.000,0.000,config.py:57(clone)
1,0.000,0.000,0.000,0.000,__init__.py:405(format)
1,0.000,0.000,0.000,0.000,{_elementtree.XMLParser}
10,0.000,0.000,0.000,0.000,{method,'replace',of,'str',objects}
1,0.000,0.000,0.000,0.000,ntpath.py:158(split)
1,0.000,0.000,0.000,0.000,threading.py:93(acquire)
1,0.000,0.000,0.000,0.000,patcher.py:185(__init__)
1,0.000,0.000,0.000,0.000,algorithm.py:175(find_all_declarations)
1,0.000,0.000,0.000,0.000,__init__.py:606(release)
1,0.000,0.000,0.000,0.000,{method,'values',of,'dict',objects}
1,0.000,0.000,0.000,0.000,ntpath.py:183(splitext)
2,0.000,0.000,0.000,0.000,patcher.py:10(__init__)
1,0.000,0.000,0.000,0.000,threading.py:113(release)
9,0.000,0.000,0.000,0.000,{method,'lower',of,'str',objects}
1,0.000,0.000,0.000,0.000,{method,'write',of,'file',objects}
1,0.000,0.000,0.000,0.000,patcher.py:22(__init__)
10,0.000,0.000,0.000,0.000,{method,'rfind',of,'str',objects}
2,0.000,0.000,0.000,0.000,config.py:23(__init__)
9,0.000,0.000,0.000,0.000,config.py:73(__get_working_directory)
6,0.000,0.000,0.000,0.000,__init__.py:82(get_architecture)
1,0.000,0.000,0.000,0.000,project_reader.py:116(create_gccxml_fc)
3,0.000,0.000,0.000,0.000,threading.py:697(currentThread)
1,0.000,0.000,0.000,0.000,__init__.py:138(getLevelName)
2,0.000,0.000,0.000,0.000,stat.py:54(S_ISREG)
7,0.000,0.000,0.000,0.000,{method,'lstrip',of,'str',objects}
1,0.000,0.000,0.000,0.000,__init__.py:271(getMessage)
2,0.000,0.000,0.000,0.000,{time.clock}
1,0.000,0.000,0.000,0.000,declarations_cache.py:225(__init__)
4,0.000,0.000,0.000,0.000,cpptypes.py:488(_set_class_inst)
4,0.000,0.000,0.000,0.000,{method,'itervalues',of,'dict',objects}
3,0.000,0.000,0.000,0.000,patcher.py:14(_get_decls)
1,0.000,0.000,0.000,0.000,__init__.py:727(flush)
3,0.000,0.000,0.000,0.000,stat.py:29(S_IFMT)
1,0.000,0.000,0.000,0.000,decl_visitor.py:16(__init__)
1,0.000,0.000,0.000,0.000,source_reader.py:341(<lambda>)
3,0.000,0.000,0.000,0.000,cpptypes.py:385(_get_size)
1,0.000,0.000,0.000,0.000,project_reader.py:58(__init__)
4,0.000,0.000,0.000,0.000,{thread.get_ident}
1,0.000,0.000,0.000,0.000,{nt.getpid}
1,0.000,0.000,0.000,0.000,stat.py:45(S_ISDIR)
1,0.000,0.000,0.000,0.000,string.py:349(find)
1,0.000,0.000,0.000,0.000,{built-in,method,close}
2,0.000,0.000,0.000,0.000,__init__.py:542(filter)
1,0.000,0.000,0.000,0.000,algorithm.py:142(__init__)
2,0.000,0.000,0.000,0.000,cpptypes.py:481(_set_has_const)
1,0.000,0.000,0.000,0.000,{built-in,method,acquire}
2,0.000,0.000,0.000,0.000,threading.py:44(_note)
2,0.000,0.000,0.000,0.000,config.py:79(__get_include_paths)
1,0.000,0.000,0.000,0.000,{_elementtree.TreeBuilder}
1,0.000,0.000,0.000,0.000,{time.time}
1,0.000,0.000,0.000,0.000,threading.py:576(getName)
1,0.000,0.000,0.000,0.000,{max}
1,0.000,0.000,0.000,0.000,{built-in,method,_setevents}
1,0.000,0.000,0.000,0.000,declarations_cache.py:50(__init__)
2,0.000,0.000,0.000,0.000,config.py:91(__get_start_with_declarations)
1,0.000,0.000,0.000,0.000,type_visitor.py:16(__init__)
1,0.000,0.000,0.000,0.000,decl_factory.py:28(__init__)
1,0.000,0.000,0.000,0.000,handler.py:54(__init__)
1,0.000,0.000,0.000,0.000,{sys._getframe}
1,0.000,0.000,0.000,0.000,scanner.py:153(declarations)
1,0.000,0.000,0.000,0.000,scanner.py:162(access)
1,0.000,0.000,0.000,0.000,declarations_cache.py:231(update)
1,0.000,0.000,0.000,0.000,scanner.py:159(files)
1,0.000,0.000,0.000,0.000,{method,'iteritems',of,'dict',objects}
1,0.000,0.000,0.000,0.000,scanner.py:156(types)
1,0.000,0.000,0.000,0.000,scanner.py:165(members)
1,0.000,0.000,0.000,0.000,config.py:101(__get_cflags)
1,0.000,0.000,0.000,0.000,linker.py:159(visit_bool)
1,0.000,0.000,0.000,0.000,linker.py:156(visit_short_unsigned_int)
1,0.000,0.000,0.000,0.000,linker.py:150(visit_wchar)
1,0.000,0.000,0.000,0.000,linker.py:153(visit_short_int)
1,0.000,0.000,0.000,0.000,linker.py:186(visit_long_double)
1,0.000,0.000,0.000,0.000,linker.py:168(visit_long_int)
1,0.000,0.000,0.000,0.000,project_reader.py:78(__get_start_with_declarations)
1,0.000,0.000,0.000,0.000,project_reader.py:74(__get_data)
1,0.000,0.000,0.000,0.000,linker.py:171(visit_long_unsigned_int)
1,0.000,0.000,0.000,0.000,project_reader.py:82(__get_content_type)
1,0.000,0.000,0.000,0.000,linker.py:162(visit_int)
1,0.000,0.000,0.000,0.000,linker.py:183(visit_double)
1,0.000,0.000,0.000,0.000,linker.py:180(visit_float)
1,0.000,0.000,0.000,0.000,config.py:95(__get_ignore_gccxml_output)
1,0.000,0.000,0.000,0.000,linker.py:174(visit_long_long_int)
1,0.000,0.000,0.000,0.000,linker.py:144(visit_signed_char)
1,0.000,0.000,0.000,0.000,linker.py:138(visit_void)
1,0.000,0.000,0.000,0.000,linker.py:177(visit_long_long_unsigned_int)
1,0.000,0.000,0.000,0.000,{method,'flush',of,'file',objects}
1,0.000,0.000,0.000,0.000,{method,'disable',of,'_lsprof.Profiler',objects}
1,0.000,0.000,0.000,0.000,linker.py:147(visit_unsigned_char)
1,0.000,0.000,0.000,0.000,linker.py:141(visit_char)
1,0.000,0.000,0.000,0.000,declarations_cache.py:234(cached_value)
1,0.000,0.000,0.000,0.000,declarations_cache.py:228(flush)
1,0.000,0.000,0.000,0.000,{built-in,method,release}
1,0.000,0.000,0.000,0.000,linker.py:165(visit_unsigned_int)
1,0.000,0.000,0.000,0.000,config.py:67(__get_gccxml_path)
